Customer_ID,Age,Gender,City,Income,Customer_Since,Spending_Score,Age_group
CUST1001,43,Male,Los Angeles,138681.0,,74.0,41-50
CUST1002,73,Male,Huston,30858.0,,32.0,60+
CUST1003,25,Female,New York,138103.0,2022-05-02,36.0,18-30
CUST1005,83,Female,New York,84013.0,,35.0,60+
CUST1006,33,Female,Los Angeles,24485.0,2022-12-07,7.0,31-40
CUST1007,38,Female,Los Angeles,66049.0,2022-04-13,78.0,31-40
CUST1008,80,Other,New York,92377.0,,57.0,60+
CUST1009,81,Female,New York,76191.0,,93.0,60+
CUST1010,64,Female,New York,104191.0,,96.0,60+
CUST1011,82,Female,Houston,82632.0,2023-08-10,44.0,60+
CUST1012,16,Female,Los Angeles,102535.0,,68.0,
CUST1013,29,Male,Houston,55511.0,,30.0,18-30
CUST1014,79,Male,Huston,117964.0,,60.0,60+
CUST1015,41,Male,Houston,31022.0,,79.0,41-50
CUST1016,65,Female,New York,114649.0,,37.0,60+
CUST1017,88,Male,New York,128272.0,,20.0,60+
CUST1018,43,Female,New York,48272.0,,27.0,41-50
CUST1019,27,Female,New York,127894.0,,22.0,18-30
CUST1020,31,Other,New York,135756.0,,28.0,31-40
CUST1024,36,Female,Houston,23804.0,,33.0,31-40
CUST1025,22,Other,Huston,113560.0,,76.0,18-30
CUST1026,62,Female,New York,113274.0,,81.0,60+
CUST1028,60,Female,New York,72020.0,,43.0,51-60
CUST1029,61,Female,Los Angeles,84013.0,2023-11-30,19.0,60+
CUST1031,38,Female,Huston,136442.0,,46.0,31-40
CUST1032,24,Male,New York,143430.0,,20.0,18-30
CUST1034,42,Male,New York,108418.0,,6.0,41-50
CUST1035,81,Male,Los Angeles,84013.0,,59.0,60+
CUST1036,19,Female,Huston,106822.0,,41.0,18-30
CUST1039,65,Other,Houston,144737.0,2022-02-19,72.0,60+
CUST1040,82,Male,Los Angeles,106673.0,2022-09-24,16.0,60+
CUST1042,20,Female,Houston,144816.0,2023-05-26,78.0,18-30
CUST1043,31,Other,New York,36845.0,2022-06-07,30.0,31-40
CUST1044,58,Male,New York,117722.0,2022-07-26,44.0,51-60
CUST1045,33,Female,Huston,22837.0,2022-10-16,76.0,31-40
CUST1047,51,Female,Houston,22138.0,,95.0,51-60
CUST1048,36,Male,Huston,66390.0,2023-01-08,35.0,31-40
CUST1050,17,Male,New York,78178.0,,96.0,
CUST1052,23,Female,Los Angeles,22544.0,,67.0,18-30
CUST1053,43,Female,Houston,80753.0,2023-09-06,37.0,41-50
CUST1054,17,Female,Los Angeles,84013.0,2023-01-20,11.0,
CUST1055,37,Female,New York,34929.0,,22.0,31-40
CUST1056,74,Male,Huston,147230.0,,12.0,60+
CUST1057,33,Other,Houston,106316.0,2022-07-08,34.0,31-40
CUST1058,60,Female,Huston,22030.0,2022-10-15,68.0,51-60
CUST1059,82,Female,Los Angeles,138821.0,,80.0,60+
CUST1060,59,Male,Houston,109940.0,,49.0,51-60
CUST1061,66,Male,Los Angeles,118819.0,,88.0,60+
CUST1062,40,Female,Huston,33699.0,,2.0,31-40
CUST1063,80,Female,Los Angeles,41296.0,,46.0,60+
CUST1064,57,Male,New York,88878.0,2023-03-23,76.0,51-60
CUST1065,57,Male,Houston,27748.0,,69.0,51-60
CUST1067,65,Female,New York,144273.0,,59.0,60+
CUST1070,40,Other,New York,40325.0,,90.0,31-40
CUST1071,39,Male,Houston,56318.0,2022-02-19,68.0,31-40
CUST1072,54,Male,New York,84013.0,,16.0,51-60
CUST1073,69,Female,Los Angeles,59123.0,,82.0,60+
CUST1074,84,Male,Los Angeles,81793.0,2023-11-10,85.0,60+
CUST1075,40,Female,New York,125848.0,2022-02-02,68.0,31-40
CUST1076,74,Female,New York,124692.0,,66.0,60+
CUST1077,42,Female,New York,99360.0,,69.0,41-50
CUST1078,63,Male,Los Angeles,63273.0,,11.0,60+
CUST1079,59,Female,Los Angeles,24023.0,,33.0,51-60
CUST1081,36,Male,Houston,143322.0,2023-05-02,48.0,31-40
CUST1084,74,Female,Los Angeles,98511.0,,78.0,60+
CUST1086,89,Female,New York,84013.0,,62.0,60+
CUST1087,33,Female,Huston,52966.0,2023-06-05,5.0,31-40
CUST1088,18,Female,New York,118258.0,2023-01-05,82.0,
CUST1089,70,Male,Los Angeles,120211.0,,84.0,60+
CUST1090,88,Female,New York,73144.0,2022-10-03,70.0,60+
CUST1091,50,Female,New York,143048.0,2022-07-02,66.0,41-50
CUST1092,40,Female,Los Angeles,141396.0,,47.0,31-40
CUST1094,21,Male,Los Angeles,72462.0,,91.0,18-30
CUST1095,26,Male,Los Angeles,147788.0,,92.0,18-30
CUST1096,61,Male,New York,90353.0,,98.0,60+
CUST1098,79,Other,Houston,103987.0,,93.0,60+
CUST1099,79,Male,Los Angeles,84013.0,,84.0,60+
CUST1102,31,Female,Los Angeles,71556.0,,92.0,31-40
CUST1103,17,Female,New York,94870.0,2023-11-17,72.0,
CUST1106,89,Other,Los Angeles,88184.0,,16.0,60+
CUST1107,19,Other,New York,90562.0,,46.0,18-30
CUST1108,21,Other,Los Angeles,71770.0,2023-05-07,92.0,18-30
CUST1109,58,Male,Houston,34451.0,,56.0,51-60
CUST1110,78,Other,New York,49181.0,,43.0,60+
CUST1112,89,Female,Los Angeles,73038.0,2022-12-27,80.0,60+
CUST1113,63,Other,Houston,74213.0,,5.0,60+
CUST1115,39,Female,New York,143104.0,,69.0,31-40
CUST1116,26,Female,Huston,131455.0,,48.0,18-30
CUST1118,81,Female,Houston,66013.0,2023-07-15,5.0,60+
CUST1119,71,Other,Los Angeles,71449.0,,30.0,60+
CUST1120,53,Female,New York,112639.0,,33.0,51-60
CUST1121,30,Male,Los Angeles,113804.0,2023-12-23,12.0,18-30
CUST1122,43,Other,New York,37766.0,,96.0,41-50
CUST1123,55,Female,Houston,141950.0,2023-10-14,57.0,51-60
CUST1124,79,Male,Houston,127625.0,,61.0,60+
CUST1125,19,Male,New York,84206.0,2023-08-11,84.0,18-30
CUST1126,34,Other,Los Angeles,68065.0,,1.0,31-40
CUST1129,20,Other,Los Angeles,68302.0,,48.0,18-30
CUST1130,60,Male,New York,46601.0,,39.0,51-60
CUST1133,18,Male,Los Angeles,122067.0,2023-07-31,13.0,
CUST1134,56,Male,Houston,60704.0,,59.0,51-60
CUST1135,77,Female,Houston,119574.0,2023-04-27,68.0,60+
CUST1136,46,Female,New York,118990.0,2022-01-13,7.0,41-50
CUST1137,43,Female,Los Angeles,96777.0,,10.0,41-50
CUST1143,54,Male,New York,100527.0,,48.0,51-60
CUST1144,46,Female,New York,120704.0,,87.0,41-50
CUST1145,68,Other,New York,84013.0,,93.0,60+
CUST1146,60,Other,Los Angeles,78977.0,2023-12-22,60.0,51-60
CUST1147,29,Other,Houston,108717.0,2022-05-04,61.0,18-30
CUST1149,37,Other,New York,84013.0,2022-11-01,39.0,31-40
CUST1152,66,Male,Los Angeles,117724.0,,98.0,60+
CUST1153,32,Female,Los Angeles,57666.0,,62.0,31-40
CUST1154,47,Female,Houston,119447.0,,77.0,41-50
CUST1155,73,Other,Houston,116801.0,,14.0,60+
CUST1157,25,Female,Los Angeles,32463.0,,40.0,18-30
CUST1158,55,Other,Huston,67716.0,2023-04-08,89.0,51-60
CUST1159,39,Female,Los Angeles,80607.0,,9.0,31-40
CUST1160,48,Male,Los Angeles,64012.0,,61.0,41-50
CUST1163,42,Male,New York,84013.0,2023-10-13,82.0,41-50
CUST1165,86,Other,New York,66466.0,,37.0,60+
CUST1167,50,Male,Los Angeles,101318.0,,53.0,41-50
CUST1170,16,Male,Houston,38650.0,,61.0,
CUST1171,74,Other,Los Angeles,147487.0,2022-04-05,5.0,60+
CUST1172,31,Male,Los Angeles,84013.0,2022-04-30,76.0,31-40
CUST1173,42,Male,Los Angeles,61479.0,,45.0,41-50
CUST1174,49,Male,Los Angeles,90906.0,,65.0,41-50
CUST1175,60,Female,New York,140197.0,2022-05-09,45.0,51-60
CUST1177,59,Male,Houston,131463.0,,7.0,51-60
CUST1178,89,Female,New York,62427.0,,96.0,60+
CUST1181,51,Male,Houston,137928.0,,64.0,51-60
CUST1182,34,Female,Los Angeles,84013.0,,1.0,31-40
CUST1183,53,Other,Houston,114709.0,,29.0,51-60
CUST1184,33,Female,Huston,131143.0,,99.0,31-40
CUST1185,79,Other,New York,22159.0,,54.0,60+
CUST1187,74,Male,Huston,59206.0,2022-05-14,44.0,60+
CUST1189,84,Male,New York,67333.0,,39.0,60+
CUST1191,79,Female,New York,77949.0,2023-11-28,86.0,60+
CUST1192,21,Female,Los Angeles,108956.0,,76.0,18-30
CUST1193,34,Female,New York,36301.0,,44.0,31-40
CUST1194,26,Male,New York,49198.0,,58.0,18-30
CUST1195,74,Female,Houston,71853.0,,100.0,60+
CUST1196,29,Female,Los Angeles,102702.0,,6.0,18-30
CUST1198,29,Male,Huston,149566.0,2022-12-05,8.0,18-30
CUST1200,18,Female,New York,84013.0,2022-01-14,13.0,
CUST1201,47,Male,Huston,84013.0,,10.0,41-50
CUST1202,59,Male,Los Angeles,41292.0,,90.0,51-60
CUST1203,35,Female,Los Angeles,71911.0,2022-01-20,11.0,31-40
CUST1204,26,Female,New York,124463.0,,40.0,18-30
CUST1205,78,Female,Huston,71092.0,2023-05-13,38.0,60+
CUST1206,66,Male,New York,84013.0,2022-10-26,63.0,60+
CUST1207,33,Female,Huston,55442.0,,86.0,31-40
CUST1208,58,Male,New York,103442.0,,11.0,51-60
CUST1209,69,Other,Los Angeles,26073.0,,42.0,60+
CUST1210,69,Male,New York,36850.0,,72.0,60+
CUST1211,89,Male,Los Angeles,71533.0,2023-11-14,4.0,60+
CUST1212,43,Female,Los Angeles,103228.0,,64.0,41-50
CUST1213,50,Male,New York,84013.0,,17.0,41-50
CUST1214,55,Male,Los Angeles,125211.0,2022-03-24,36.0,51-60
CUST1217,36,Female,Huston,42977.0,,32.0,31-40
CUST1218,75,Male,Huston,60963.0,,82.0,60+
CUST1220,34,Male,New York,25508.0,,82.0,31-40
CUST1222,26,Male,New York,49871.0,,23.0,18-30
CUST1224,67,Female,Los Angeles,74341.0,,20.0,60+
CUST1225,69,Male,Los Angeles,91788.0,,56.0,60+
CUST1226,72,Male,Houston,39458.0,2023-01-09,29.0,60+
CUST1227,36,Female,Huston,96610.0,2023-03-21,81.0,31-40
CUST1228,75,Female,Huston,78131.0,2023-02-21,51.0,60+
CUST1229,25,Female,Huston,47183.0,2023-12-08,42.0,18-30
CUST1230,78,Female,Houston,120764.0,,46.0,60+
CUST1231,72,Male,Huston,78683.0,,3.0,60+
CUST1232,80,Male,New York,119367.0,,12.0,60+
CUST1233,30,Female,Los Angeles,64583.0,2022-05-20,31.0,18-30
CUST1234,79,Female,New York,35273.0,2022-05-29,35.0,60+
CUST1236,71,Male,Houston,65810.0,,61.0,60+
CUST1239,28,Female,Houston,142956.0,,48.0,18-30
CUST1240,33,Female,Los Angeles,68697.0,,8.0,31-40
CUST1242,16,Male,Houston,75097.0,,39.0,
CUST1244,24,Other,New York,120348.0,,12.0,18-30
CUST1245,85,Male,New York,122300.0,,52.0,60+
CUST1246,69,Male,New York,144795.0,2022-08-06,46.0,60+
CUST1247,37,Female,Los Angeles,42128.0,2022-04-03,80.0,31-40
CUST1248,78,Female,New York,114369.0,2022-07-22,54.0,60+
CUST1249,73,Male,New York,105601.0,2022-02-25,69.0,60+
CUST1250,23,Other,Huston,79885.0,2022-01-30,34.0,18-30
CUST1251,29,Other,Los Angeles,123157.0,,79.0,18-30
CUST1252,73,Male,Houston,83776.0,2022-02-28,12.0,60+
CUST1253,46,Female,Los Angeles,87587.0,2023-05-19,19.0,41-50
CUST1255,84,Male,New York,65000.0,,3.0,60+
CUST1256,57,Male,New York,146721.0,,26.0,51-60
CUST1068,56,Female,Huston,58254.0,,96.0,51-60
CUST1258,35,Female,New York,84013.0,,48.0,31-40
CUST1259,37,Male,Houston,84013.0,,46.0,31-40
CUST1260,79,Female,Los Angeles,127013.0,,71.0,60+
CUST1261,72,Female,Los Angeles,61781.0,2023-06-30,72.0,60+
CUST1262,67,Female,New York,87326.0,,56.0,60+
CUST1264,29,Other,Los Angeles,117607.0,,22.0,18-30
CUST1265,79,Other,Huston,91843.0,,95.0,60+
CUST1268,89,Female,Los Angeles,123137.0,,7.0,60+
CUST1269,24,Male,Houston,137245.0,2022-09-02,73.0,18-30
CUST1270,89,Female,New York,98106.0,,25.0,60+
CUST1272,68,Female,Los Angeles,117216.0,2022-08-30,46.0,60+
CUST1273,45,Other,Los Angeles,79202.0,2023-01-01,72.0,41-50
CUST1274,34,Male,Los Angeles,127674.0,,16.0,31-40
CUST1275,62,Male,Houston,65330.0,2023-01-05,2.0,60+
CUST1276,84,Female,New York,28651.0,,10.0,60+
CUST1277,84,Other,New York,116527.0,,11.0,60+
CUST1278,81,Other,Los Angeles,112487.0,,13.0,60+
CUST1279,83,Other,Los Angeles,115503.0,,56.0,60+
CUST1280,70,Male,New York,84013.0,,81.0,60+
CUST1281,81,Female,Los Angeles,148453.0,,54.0,60+
CUST1282,20,Male,Los Angeles,124274.0,2023-01-02,94.0,18-30
CUST1283,38,Female,Huston,84013.0,2023-11-10,85.0,31-40
CUST1284,27,Female,New York,82096.0,2023-04-12,2.0,18-30
CUST1285,84,Female,Los Angeles,34129.0,2023-12-24,44.0,60+
CUST1286,51,Other,New York,42970.0,2023-04-12,100.0,51-60
CUST1288,55,Other,Houston,82852.0,2022-12-20,94.0,51-60
CUST1289,51,Female,New York,119323.0,,78.0,51-60
CUST1290,25,Male,Los Angeles,107262.0,,85.0,18-30
CUST1295,56,Female,Los Angeles,88447.0,,16.0,51-60
CUST1296,66,Other,Houston,62587.0,,64.0,60+
CUST1297,50,Female,Houston,117894.0,,16.0,41-50
CUST1301,26,Male,New York,77373.0,,5.0,18-30
CUST1302,73,Female,Houston,102739.0,,1.0,60+
CUST1303,61,Female,Los Angeles,116545.0,,72.0,60+
CUST1304,54,Other,New York,53101.0,,61.0,51-60
CUST1305,85,Female,Los Angeles,144090.0,,78.0,60+
CUST1306,16,Female,Huston,75659.0,2023-12-14,14.0,
CUST1307,46,Male,Huston,38721.0,,44.0,41-50
CUST1308,53,Other,New York,21796.0,,90.0,51-60
CUST1309,28,Female,Los Angeles,84013.0,,61.0,18-30
CUST1310,71,Male,Houston,126469.0,,94.0,60+
CUST1311,30,Male,Houston,79900.0,,17.0,18-30
CUST1312,74,Other,Houston,118436.0,2023-05-23,89.0,60+
CUST1313,49,Female,New York,64500.0,,37.0,41-50
CUST1314,18,Male,Los Angeles,61697.0,2023-12-23,33.0,
CUST1315,37,Male,Huston,113710.0,2022-01-07,42.0,31-40
CUST1316,24,Male,New York,30980.0,2023-02-06,69.0,18-30
CUST1317,75,Male,Los Angeles,52924.0,,61.0,60+
CUST1318,40,Female,Los Angeles,121878.0,,1.0,31-40
CUST1321,45,Female,Huston,95931.0,,88.0,41-50
CUST1322,49,Female,Houston,87330.0,,87.0,41-50
CUST1323,78,Female,Los Angeles,101913.0,,69.0,60+
CUST1325,63,Female,New York,99695.0,,88.0,60+
CUST1326,50,Female,New York,90721.0,2022-10-22,64.0,41-50
CUST1327,60,Male,New York,75604.0,,75.0,51-60
CUST1329,50,Female,Houston,61505.0,2022-08-20,60.0,41-50
CUST1330,17,Other,Los Angeles,113286.0,,12.0,
CUST1331,65,Female,New York,108312.0,2022-07-11,26.0,60+
CUST1332,58,Male,New York,26117.0,,84.0,51-60
CUST1333,76,Female,Los Angeles,20816.0,,71.0,60+
CUST1334,73,Male,Los Angeles,85799.0,2022-03-06,44.0,60+
CUST1335,17,Female,Los Angeles,120699.0,,87.0,
CUST1336,58,Male,Huston,64411.0,,69.0,51-60
CUST1337,84,Female,New York,66880.0,2023-04-19,2.0,60+
CUST1338,39,Male,Huston,30594.0,2022-02-13,16.0,31-40
CUST1341,45,Female,Los Angeles,84013.0,,36.0,41-50
CUST1342,20,Female,Huston,27902.0,,14.0,18-30
CUST1344,34,Male,Los Angeles,69590.0,,79.0,31-40
CUST1346,57,Other,Huston,48776.0,,72.0,51-60
CUST1348,74,Male,New York,24123.0,,14.0,60+
CUST1349,75,Female,New York,84013.0,,41.0,60+
CUST1351,45,Other,Los Angeles,103773.0,,18.0,41-50
CUST1352,76,Male,New York,37620.0,,84.0,60+
CUST1353,21,Male,New York,57622.0,,36.0,18-30
CUST1354,34,Female,Houston,138963.0,,30.0,31-40
CUST1355,41,Female,Houston,40065.0,,46.0,41-50
CUST1356,32,Male,New York,68672.0,,61.0,31-40
CUST1358,47,Female,New York,62866.0,2023-08-08,73.0,41-50
CUST1359,68,Male,Houston,106975.0,,30.0,60+
CUST1360,49,Other,Los Angeles,139729.0,,15.0,41-50
CUST1361,85,Male,New York,121887.0,,89.0,60+
CUST1363,35,Male,New York,79839.0,2022-01-27,60.0,31-40
CUST1364,29,Female,New York,32217.0,,47.0,18-30
CUST1366,83,Other,Los Angeles,84013.0,,29.0,60+
CUST1367,45,Female,Los Angeles,57866.0,,53.0,41-50
CUST1369,50,Female,Huston,82291.0,2022-06-02,31.0,41-50
CUST1370,38,Male,Los Angeles,83727.0,,41.0,31-40
CUST1371,29,Male,Los Angeles,103749.0,2023-08-19,5.0,18-30
CUST1372,33,Female,Huston,49820.0,,92.0,31-40
CUST1373,86,Other,Los Angeles,52589.0,,18.0,60+
CUST1374,86,Female,Huston,83022.0,2023-04-07,72.0,60+
CUST1375,76,Female,Houston,125029.0,2023-05-10,13.0,60+
CUST1376,44,Other,Los Angeles,132980.0,,17.0,41-50
CUST1377,86,Male,New York,54444.0,,35.0,60+
CUST1380,45,Male,New York,73404.0,,60.0,41-50
CUST1381,42,Male,Los Angeles,54209.0,2023-10-19,52.0,41-50
CUST1382,40,Female,Houston,25586.0,,69.0,31-40
CUST1383,65,Female,New York,101378.0,2023-02-06,84.0,60+
CUST2033,67,Female,Houston,74658.0,2023-08-24,41.0,60+
CUST1385,63,Other,Los Angeles,114056.0,,77.0,60+
CUST1386,71,Male,Los Angeles,120764.0,2023-01-02,91.0,60+
CUST1387,76,Male,Huston,112255.0,,48.0,60+
CUST1388,70,Female,New York,140561.0,,19.0,60+
CUST1389,38,Female,Los Angeles,126225.0,,29.0,31-40
CUST1391,78,Male,Huston,84013.0,,33.0,60+
CUST1392,37,Male,New York,113279.0,,19.0,31-40
CUST1394,78,Female,Los Angeles,83512.0,,59.0,60+
CUST1395,54,Other,Huston,117017.0,,89.0,51-60
CUST1397,23,Female,Los Angeles,46735.0,,41.0,18-30
CUST1398,65,Other,New York,81023.0,2022-03-19,31.0,60+
CUST1399,81,Female,Los Angeles,36207.0,,81.0,60+
CUST1400,79,Female,New York,109989.0,,81.0,60+
CUST1402,52,Female,New York,112913.0,,19.0,51-60
CUST1403,67,Female,Los Angeles,136790.0,,85.0,60+
CUST1405,65,Female,Houston,132926.0,2022-04-25,82.0,60+
CUST1406,44,Male,New York,84013.0,,55.0,41-50
CUST1407,83,Female,Los Angeles,95599.0,,73.0,60+
CUST1408,33,Female,Huston,40114.0,2022-12-06,36.0,31-40
CUST1409,34,Female,New York,59973.0,2022-08-10,67.0,31-40
CUST1410,48,Female,Los Angeles,138652.0,2023-04-01,19.0,41-50
CUST1412,64,Male,New York,84013.0,,82.0,60+
CUST1413,79,Other,Huston,44533.0,2022-07-03,84.0,60+
CUST1414,54,Female,Houston,145509.0,,94.0,51-60
CUST1415,89,Female,Huston,40564.0,2022-08-01,29.0,60+
CUST1416,50,Female,Los Angeles,99646.0,,98.0,41-50
CUST1417,76,Female,Huston,140151.0,,22.0,60+
CUST1418,69,Other,Los Angeles,103769.0,2022-12-04,94.0,60+
CUST1419,26,Female,New York,116932.0,,4.0,18-30
CUST1421,69,Male,Los Angeles,148071.0,2022-01-04,83.0,60+
CUST1422,25,Female,New York,84013.0,2023-03-28,98.0,18-30
CUST1423,34,Male,Los Angeles,94041.0,2022-12-13,53.0,31-40
CUST1424,29,Female,Los Angeles,34864.0,2022-10-04,33.0,18-30
CUST1425,41,Female,Los Angeles,84088.0,2022-12-15,58.0,41-50
CUST1426,29,Other,Houston,69975.0,,31.0,18-30
CUST1427,31,Male,New York,103383.0,,15.0,31-40
CUST1428,16,Female,Los Angeles,134613.0,2022-08-23,4.0,
CUST1429,76,Other,Huston,32584.0,,51.0,60+
CUST1430,25,Male,Houston,84013.0,,82.0,18-30
CUST1432,25,Female,New York,57486.0,,10.0,18-30
CUST1435,47,Male,Houston,114115.0,2023-10-21,43.0,41-50
CUST1436,80,Male,Los Angeles,48023.0,,86.0,60+
CUST1437,42,Female,Houston,88951.0,,71.0,41-50
CUST1438,46,Female,New York,127052.0,2023-04-02,3.0,41-50
CUST1439,45,Female,Los Angeles,137443.0,,28.0,41-50
CUST1441,47,Male,Houston,78914.0,,73.0,41-50
CUST1442,81,Other,Huston,95532.0,,53.0,60+
CUST1444,47,Other,New York,36685.0,,42.0,41-50
CUST1445,65,Female,Huston,145512.0,2023-07-21,36.0,60+
CUST1449,27,Male,Los Angeles,53426.0,,50.0,18-30
CUST1450,19,Female,Huston,65438.0,2022-05-02,21.0,18-30
CUST1451,16,Female,New York,23260.0,2022-08-30,83.0,
CUST1456,67,Male,Los Angeles,21785.0,2022-09-03,46.0,60+
CUST1263,24,Female,Houston,77864.0,2022-12-20,57.0,18-30
CUST1460,23,Other,Houston,34693.0,,46.0,18-30
CUST1462,30,Other,New York,147445.0,2023-08-14,93.0,18-30
CUST1466,29,Male,Huston,63292.0,2023-11-10,91.0,18-30
CUST1468,37,Female,New York,101572.0,2023-08-20,12.0,31-40
CUST1469,66,Male,Los Angeles,45788.0,,92.0,60+
CUST1470,55,Female,Houston,100427.0,,71.0,51-60
CUST1471,37,Female,Houston,131752.0,2022-07-03,98.0,31-40
CUST1472,47,Other,Huston,130660.0,,54.0,41-50
CUST1473,19,Female,Huston,95211.0,,79.0,18-30
CUST1474,63,Female,Los Angeles,134702.0,,31.0,60+
CUST1475,42,Male,Los Angeles,30322.0,,92.0,41-50
CUST1476,61,Female,New York,147370.0,2023-10-30,25.0,60+
CUST1477,16,Female,Los Angeles,105486.0,,85.0,
CUST1478,56,Male,New York,27748.0,2023-02-22,24.0,51-60
CUST1479,18,Female,New York,38915.0,,77.0,
CUST1480,19,Male,New York,130629.0,2022-05-23,18.0,18-30
CUST1482,22,Other,Los Angeles,72519.0,,56.0,18-30
CUST1483,27,Male,Los Angeles,144705.0,,25.0,18-30
CUST1485,19,Female,New York,143502.0,,26.0,18-30
CUST1486,67,Female,Los Angeles,112337.0,2023-06-09,52.0,60+
CUST1487,51,Other,Huston,91026.0,,84.0,51-60
CUST1489,16,Male,Houston,61291.0,2022-03-17,49.0,
CUST1490,66,Male,Los Angeles,83081.0,2023-11-30,53.0,60+
CUST1491,69,Female,New York,40353.0,,96.0,60+
CUST1493,37,Male,New York,100509.0,2022-12-12,21.0,31-40
CUST1494,40,Female,New York,33903.0,,22.0,31-40
CUST1495,78,Other,New York,21811.0,2022-05-13,23.0,60+
CUST1496,86,Male,Huston,31620.0,,85.0,60+
CUST1497,73,Male,Los Angeles,25982.0,2022-05-14,38.0,60+
CUST1498,59,Male,Houston,41227.0,,45.0,51-60
CUST1499,17,Other,Houston,106603.0,,80.0,
CUST1500,38,Female,Huston,109728.0,,91.0,31-40
CUST1502,24,Female,Huston,41306.0,,64.0,18-30
CUST1504,75,Female,Huston,113180.0,,55.0,60+
CUST1506,16,Male,Huston,145892.0,,96.0,
CUST1507,64,Female,Huston,33945.0,,65.0,60+
CUST1508,35,Female,Houston,84013.0,,20.0,31-40
CUST1509,23,Other,Huston,135953.0,2022-10-29,38.0,18-30
CUST1510,22,Female,New York,24589.0,2023-04-18,100.0,18-30
CUST1512,82,Male,Huston,42023.0,,100.0,60+
CUST1513,44,Female,New York,103919.0,2022-06-04,95.0,41-50
CUST1514,79,Male,Los Angeles,32520.0,2022-06-30,63.0,60+
CUST1515,46,Male,Huston,146389.0,,87.0,41-50
CUST1517,41,Male,Los Angeles,149178.0,,94.0,41-50
CUST1518,59,Female,New York,98664.0,2023-03-04,9.0,51-60
CUST1519,44,Other,Los Angeles,60805.0,2023-01-31,76.0,41-50
CUST1520,40,Male,New York,84013.0,2023-10-24,65.0,31-40
CUST1521,74,Male,New York,70509.0,,97.0,60+
CUST1522,19,Female,New York,67480.0,2023-05-18,5.0,18-30
CUST1523,18,Female,Houston,60109.0,,64.0,
CUST1524,78,Other,New York,84013.0,,43.0,60+
CUST1528,66,Female,Los Angeles,28133.0,,21.0,60+
CUST1530,85,Female,Los Angeles,124918.0,2022-05-19,58.0,60+
CUST1531,23,Female,Huston,39438.0,2022-12-20,74.0,18-30
CUST1532,68,Female,Los Angeles,61475.0,2022-04-18,12.0,60+
CUST1535,29,Female,New York,147224.0,,21.0,18-30
CUST1536,83,Female,Los Angeles,30605.0,,54.0,60+
CUST1539,56,Male,New York,133933.0,,68.0,51-60
CUST1545,51,Female,Huston,132446.0,,45.0,51-60
CUST1547,52,Female,New York,34526.0,2022-08-05,67.0,51-60
CUST1548,25,Female,New York,51942.0,,40.0,18-30
CUST1549,49,Female,New York,149892.0,,73.0,41-50
CUST1550,21,Female,New York,101879.0,,13.0,18-30
CUST1552,64,Male,Houston,95290.0,2022-05-12,12.0,60+
CUST1553,51,Male,New York,85399.0,2022-09-22,1.0,51-60
CUST1555,58,Male,New York,61611.0,,81.0,51-60
CUST1556,59,Other,Huston,107080.0,,14.0,51-60
CUST1557,54,Female,New York,84013.0,2022-02-23,85.0,51-60
CUST1558,41,Other,New York,75064.0,,28.0,41-50
CUST1560,50,Male,New York,52909.0,2023-01-28,20.0,41-50
CUST1561,45,Female,Houston,86808.0,,31.0,41-50
CUST1563,40,Female,New York,80168.0,,31.0,31-40
CUST1564,74,Female,Huston,109820.0,,69.0,60+
CUST1565,60,Female,Los Angeles,90041.0,2023-11-24,29.0,51-60
CUST1568,36,Female,New York,146025.0,,96.0,31-40
CUST1569,18,Male,Huston,93734.0,,9.0,
CUST1570,67,Male,New York,84013.0,2023-07-25,22.0,60+
CUST1571,16,Male,New York,117007.0,,41.0,
CUST1572,61,Male,Los Angeles,129148.0,,17.0,60+
CUST1573,23,Male,Huston,124632.0,,7.0,18-30
CUST1575,64,Male,Los Angeles,33408.0,2022-11-07,2.0,60+
CUST1577,76,Male,Huston,128056.0,,83.0,60+
CUST1578,36,Female,New York,26163.0,2022-02-07,31.0,31-40
CUST1579,48,Female,Huston,130031.0,2022-03-06,53.0,41-50
CUST1580,80,Female,New York,77586.0,,48.0,60+
CUST1581,29,Male,Houston,45955.0,,72.0,18-30
CUST1582,60,Female,Los Angeles,149900.0,,21.0,51-60
CUST1583,25,Female,Houston,148325.0,,22.0,18-30
CUST1585,50,Male,Los Angeles,63967.0,,35.0,41-50
CUST1586,31,Female,Los Angeles,145227.0,2023-12-08,29.0,31-40
CUST1587,78,Other,Huston,146617.0,2023-05-25,1.0,60+
CUST1588,40,Female,Houston,88157.0,,60.0,31-40
CUST1589,53,Other,Houston,28547.0,,2.0,51-60
CUST1590,68,Female,Houston,29553.0,,85.0,60+
CUST1591,39,Other,Los Angeles,141660.0,,85.0,31-40
CUST1593,54,Male,Los Angeles,63388.0,,19.0,51-60
CUST1594,40,Male,Los Angeles,98601.0,,71.0,31-40
CUST1595,84,Other,Los Angeles,79157.0,2023-05-14,83.0,60+
CUST1596,74,Other,Los Angeles,84692.0,2023-05-13,36.0,60+
CUST1597,76,Female,Houston,43448.0,2023-05-15,33.0,60+
CUST1599,50,Female,New York,91490.0,2023-05-10,3.0,41-50
CUST1600,25,Female,Houston,109536.0,,20.0,18-30
CUST1602,33,Other,New York,148660.0,,54.0,31-40
CUST1603,20,Other,Los Angeles,84013.0,,20.0,18-30
CUST1604,59,Female,New York,141731.0,2022-12-03,41.0,51-60
CUST1606,27,Female,Huston,136183.0,,1.0,18-30
CUST1607,72,Male,Los Angeles,37685.0,,41.0,60+
CUST1608,40,Male,Los Angeles,43051.0,,6.0,31-40
CUST1610,44,Female,New York,48934.0,,76.0,41-50
CUST1613,30,Other,New York,87868.0,,42.0,18-30
CUST1614,52,Female,Los Angeles,91373.0,,51.0,51-60
CUST1615,67,Female,New York,84013.0,,27.0,60+
CUST1616,80,Female,New York,24241.0,,6.0,60+
CUST2384,32,Other,New York,24825.0,,1.0,31-40
CUST1620,45,Other,New York,22531.0,,19.0,41-50
CUST1621,52,Male,Los Angeles,29980.0,,77.0,51-60
CUST1623,22,Female,Los Angeles,37681.0,,66.0,18-30
CUST1624,76,Female,Houston,29447.0,,28.0,60+
CUST1625,56,Female,New York,67894.0,,82.0,51-60
CUST1626,34,Male,New York,61262.0,,67.0,31-40
CUST1627,80,Female,New York,136178.0,,45.0,60+
CUST1630,54,Female,Los Angeles,41983.0,,16.0,51-60
CUST1631,20,Female,Los Angeles,108932.0,,18.0,18-30
CUST1632,47,Other,Houston,64107.0,,75.0,41-50
CUST1634,65,Male,Los Angeles,108726.0,,40.0,60+
CUST1636,45,Male,Houston,146003.0,,5.0,41-50
CUST1637,24,Male,Los Angeles,84013.0,,100.0,18-30
CUST1638,76,Female,Houston,115859.0,,18.0,60+
CUST1639,42,Female,Houston,44668.0,2022-01-28,94.0,41-50
CUST1640,70,Male,Houston,41031.0,,36.0,60+
CUST1641,72,Female,Huston,85573.0,,56.0,60+
CUST1643,76,Other,New York,146516.0,,7.0,60+
CUST1644,18,Female,Los Angeles,84013.0,2023-01-08,37.0,
CUST1646,79,Female,Huston,93476.0,,92.0,60+
CUST1648,23,Male,Huston,138109.0,,14.0,18-30
CUST1650,45,Male,New York,42195.0,,34.0,41-50
CUST1653,85,Male,Huston,30076.0,,71.0,60+
CUST1655,64,Other,New York,89279.0,,68.0,60+
CUST1656,36,Female,Houston,66949.0,2022-03-02,47.0,31-40
CUST1657,32,Female,Los Angeles,22947.0,,49.0,31-40
CUST1658,53,Female,Los Angeles,84013.0,,28.0,51-60
CUST1659,52,Female,Los Angeles,43928.0,,18.0,51-60
CUST1661,17,Male,Huston,136461.0,,19.0,
CUST1662,76,Other,Houston,112605.0,2022-06-19,96.0,60+
CUST1663,21,Female,Los Angeles,142137.0,,97.0,18-30
CUST1664,23,Male,Los Angeles,60896.0,,61.0,18-30
CUST1665,89,Female,New York,96567.0,,1.0,60+
CUST1666,27,Female,New York,84013.0,2023-12-15,27.0,18-30
CUST1667,25,Other,Huston,139392.0,,1.0,18-30
CUST1668,79,Other,Houston,60416.0,,30.0,60+
CUST1670,17,Male,Los Angeles,84013.0,,13.0,
CUST1671,74,Female,New York,84013.0,,97.0,60+
CUST1672,18,Female,New York,26909.0,,4.0,
CUST1673,68,Female,Los Angeles,84013.0,2022-08-30,40.0,60+
CUST1675,51,Female,Los Angeles,39273.0,2022-11-03,11.0,51-60
CUST1676,46,Male,New York,43233.0,,35.0,41-50
CUST1677,45,Other,New York,44062.0,,94.0,41-50
CUST1678,29,Female,New York,112711.0,2022-02-28,13.0,18-30
CUST1679,68,Female,Los Angeles,126945.0,,16.0,60+
CUST1680,42,Male,Los Angeles,84013.0,2022-08-02,36.0,41-50
CUST1681,77,Female,Los Angeles,84013.0,,18.0,60+
CUST1682,26,Male,New York,47554.0,2023-12-31,70.0,18-30
CUST1683,63,Other,New York,33292.0,2023-08-09,37.0,60+
CUST1685,76,Male,Huston,67870.0,,99.0,60+
CUST1686,22,Male,Houston,137706.0,2023-10-01,94.0,18-30
CUST1687,52,Male,New York,87706.0,2022-01-24,61.0,51-60
CUST1688,22,Other,Los Angeles,33617.0,,81.0,18-30
CUST1689,33,Male,Huston,92440.0,,91.0,31-40
CUST1690,89,Male,New York,84013.0,,59.0,60+
CUST1691,58,Female,Houston,24683.0,,69.0,51-60
CUST1693,84,Female,Huston,94971.0,,82.0,60+
CUST1694,86,Female,Los Angeles,20046.0,,7.0,60+
CUST1696,65,Female,Huston,88326.0,,4.0,60+
CUST1697,26,Female,Los Angeles,85812.0,,76.0,18-30
CUST1698,16,Male,Huston,110089.0,,91.0,
CUST1700,33,Female,Houston,39457.0,,65.0,31-40
CUST1701,60,Other,Houston,138937.0,,31.0,51-60
CUST1702,58,Female,Los Angeles,146880.0,2023-11-02,98.0,51-60
CUST1704,63,Female,Los Angeles,56380.0,2023-06-12,80.0,60+
CUST1705,77,Male,Huston,111861.0,,41.0,60+
CUST1706,54,Male,Houston,94607.0,2022-11-15,67.0,51-60
CUST1707,30,Female,Huston,58753.0,,22.0,18-30
CUST1708,84,Male,Huston,143755.0,,33.0,60+
CUST1709,58,Female,Los Angeles,95250.0,2022-08-28,98.0,51-60
CUST1710,89,Male,Los Angeles,46137.0,2023-04-09,9.0,60+
CUST1711,85,Other,Huston,138474.0,2023-11-08,70.0,60+
CUST1712,35,Male,Houston,44512.0,,91.0,31-40
CUST1714,24,Female,Huston,31943.0,2022-02-16,68.0,18-30
CUST1715,50,Male,Los Angeles,142682.0,2022-08-04,31.0,41-50
CUST1717,29,Other,Los Angeles,81726.0,,83.0,18-30
CUST1718,46,Male,New York,88804.0,,61.0,41-50
CUST1724,36,Female,Houston,62162.0,,6.0,31-40
CUST1729,32,Female,New York,105302.0,2022-02-24,26.0,31-40
CUST1730,52,Male,Los Angeles,87763.0,,6.0,51-60
CUST1732,28,Female,Houston,54018.0,2022-05-02,95.0,18-30
CUST1733,65,Other,Huston,45195.0,,61.0,60+
CUST1734,77,Male,Houston,108518.0,2023-12-16,67.0,60+
CUST1737,71,Other,Los Angeles,25098.0,,23.0,60+
CUST1738,36,Male,Huston,142761.0,,33.0,31-40
CUST1739,48,Female,Huston,48528.0,,18.0,41-50
CUST1740,23,Male,Los Angeles,33241.0,,85.0,18-30
CUST1741,73,Male,Huston,38553.0,,25.0,60+
CUST1743,77,Female,Houston,45394.0,,25.0,60+
CUST1744,75,Female,Los Angeles,84102.0,,2.0,60+
CUST1746,25,Male,Huston,130587.0,,75.0,18-30
CUST1747,50,Male,Los Angeles,104090.0,2023-07-07,43.0,41-50
CUST1748,53,Female,Los Angeles,52903.0,,93.0,51-60
CUST1749,32,Female,Los Angeles,131111.0,,99.0,31-40
CUST1750,60,Female,Los Angeles,53415.0,2023-01-24,71.0,51-60
CUST1753,80,Female,Los Angeles,106789.0,2023-05-22,96.0,60+
CUST1754,23,Male,New York,65782.0,2023-08-11,11.0,18-30
CUST1755,75,Female,Huston,37902.0,2022-09-06,73.0,60+
CUST1756,28,Male,Huston,57707.0,,64.0,18-30
CUST1757,44,Female,Los Angeles,37088.0,2022-12-27,19.0,41-50
CUST1760,41,Male,New York,117038.0,2022-03-26,63.0,41-50
CUST1761,83,Male,Los Angeles,40876.0,,74.0,60+
CUST1762,80,Male,Los Angeles,32260.0,,81.0,60+
CUST1763,70,Male,Houston,65174.0,2023-06-03,28.0,60+
CUST1764,39,Female,Los Angeles,59617.0,,98.0,31-40
CUST1766,28,Male,New York,65581.0,2022-03-05,81.0,18-30
CUST1768,82,Female,Houston,39554.0,2022-05-03,13.0,60+
CUST1769,56,Male,Huston,79187.0,,78.0,51-60
CUST1771,78,Female,Los Angeles,84013.0,,95.0,60+
CUST1772,43,Female,Huston,84013.0,,76.0,41-50
CUST1773,41,Male,Houston,61503.0,,55.0,41-50
CUST1774,33,Female,Huston,121846.0,2022-01-25,13.0,31-40
CUST1776,28,Female,Houston,134237.0,,5.0,18-30
CUST1779,70,Female,New York,40310.0,,3.0,60+
CUST1781,34,Other,Los Angeles,49562.0,,24.0,31-40
CUST1783,49,Male,Huston,148636.0,2023-06-07,93.0,41-50
CUST1787,88,Female,New York,109720.0,2023-11-10,65.0,60+
CUST1788,45,Other,Los Angeles,64445.0,2023-12-05,31.0,41-50
CUST1789,38,Female,New York,132304.0,2023-02-23,88.0,31-40
CUST1790,19,Male,Huston,34655.0,,8.0,18-30
CUST1792,22,Male,Los Angeles,99486.0,,17.0,18-30
CUST1795,39,Female,Huston,40625.0,,11.0,31-40
CUST1796,88,Female,Huston,100458.0,2022-06-08,11.0,60+
CUST1797,67,Female,Los Angeles,97679.0,2022-01-19,95.0,60+
CUST1798,72,Female,New York,62947.0,2023-08-22,82.0,60+
CUST1799,22,Female,Los Angeles,119552.0,,28.0,18-30
CUST1800,21,Female,Los Angeles,102041.0,,24.0,18-30
CUST1802,44,Female,New York,122891.0,2022-07-17,54.0,41-50
CUST1803,75,Female,Houston,50581.0,,30.0,60+
CUST1807,68,Male,Houston,147779.0,,71.0,60+
CUST1808,63,Other,Houston,84013.0,,31.0,60+
CUST1810,56,Female,Los Angeles,66840.0,,7.0,51-60
CUST1812,17,Female,Los Angeles,26012.0,,91.0,
CUST1813,82,Female,New York,108284.0,,33.0,60+
CUST1814,32,Male,New York,102233.0,2023-09-02,93.0,31-40
CUST1815,20,Male,Huston,132505.0,,95.0,18-30
CUST1816,80,Female,New York,128345.0,2023-03-13,58.0,60+
CUST1817,40,Male,Houston,69039.0,,48.0,31-40
CUST1819,43,Other,Los Angeles,140023.0,2023-07-20,4.0,41-50
CUST1820,81,Female,Houston,147339.0,,6.0,60+
CUST1821,86,Female,Los Angeles,77001.0,,71.0,60+
CUST1825,82,Female,Los Angeles,148571.0,2022-11-02,25.0,60+
CUST1826,22,Male,Los Angeles,51000.0,,24.0,18-30
CUST1827,58,Male,New York,50578.0,,87.0,51-60
CUST1828,27,Female,New York,64021.0,2022-06-23,86.0,18-30
CUST1829,74,Female,Huston,84013.0,,40.0,60+
CUST1830,58,Male,Los Angeles,25425.0,,5.0,51-60
CUST1831,88,Female,Los Angeles,84013.0,,54.0,60+
CUST1833,31,Female,New York,56792.0,,48.0,31-40
CUST1835,82,Male,Los Angeles,94423.0,,49.0,60+
CUST1837,50,Female,New York,100840.0,,5.0,41-50
CUST1838,46,Male,New York,64110.0,,86.0,41-50
CUST1839,28,Female,Huston,48686.0,,31.0,18-30
CUST1840,43,Female,New York,66632.0,,43.0,41-50
CUST1841,43,Other,New York,84013.0,,46.0,41-50
CUST1842,36,Other,New York,149729.0,,37.0,31-40
CUST1843,22,Male,New York,121722.0,2023-03-11,30.0,18-30
CUST1844,66,Male,Houston,105183.0,,93.0,60+
CUST1845,30,Male,Houston,63445.0,,24.0,18-30
CUST1846,70,Female,Huston,78098.0,,50.0,60+
CUST1847,43,Male,Houston,96882.0,2022-09-25,14.0,41-50
CUST1850,35,Male,New York,109190.0,2022-06-14,27.0,31-40
CUST1852,66,Female,Los Angeles,60568.0,,86.0,60+
CUST1857,38,Male,New York,112480.0,2023-10-15,5.0,31-40
CUST1858,32,Male,New York,126058.0,,82.0,31-40
CUST1859,82,Male,Houston,123934.0,,32.0,60+
CUST1860,64,Female,New York,84013.0,,35.0,60+
CUST1862,83,Male,Los Angeles,22604.0,,77.0,60+
CUST1864,18,Male,New York,84013.0,2023-10-25,43.0,
CUST2100,18,Female,Houston,103557.0,2022-02-06,49.0,
CUST1866,36,Female,Los Angeles,84013.0,2022-10-10,97.0,31-40
CUST1867,51,Female,Houston,78413.0,,40.0,51-60
CUST1868,66,Male,New York,112383.0,2022-01-16,70.0,60+
CUST1869,34,Other,Los Angeles,56848.0,,45.0,31-40
CUST1870,24,Male,Los Angeles,125422.0,2022-10-25,76.0,18-30
CUST1871,84,Female,New York,84743.0,2022-07-03,48.0,60+
CUST1872,54,Female,Los Angeles,80761.0,,39.0,51-60
CUST1875,19,Female,New York,24733.0,2023-09-21,2.0,18-30
CUST1876,55,Female,New York,48341.0,,97.0,51-60
CUST1878,63,Female,New York,35858.0,2023-10-24,53.0,60+
CUST1879,64,Female,New York,41988.0,,89.0,60+
CUST1881,32,Other,Los Angeles,55796.0,2022-06-15,56.0,31-40
CUST1882,66,Other,Los Angeles,84013.0,2023-10-31,68.0,60+
CUST1884,57,Female,Los Angeles,94587.0,2023-11-02,64.0,51-60
CUST1885,63,Other,Los Angeles,64295.0,2023-08-18,96.0,60+
CUST1886,53,Female,Huston,84013.0,2022-04-15,73.0,51-60
CUST1888,69,Female,New York,71107.0,,63.0,60+
CUST1890,80,Male,New York,21347.0,,53.0,60+
CUST1891,42,Male,New York,131619.0,,81.0,41-50
CUST1892,78,Female,New York,72548.0,,48.0,60+
CUST1893,35,Male,Houston,114165.0,,48.0,31-40
CUST1894,47,Female,Los Angeles,149942.0,,43.0,41-50
CUST1895,76,Male,Huston,131198.0,2023-10-04,4.0,60+
CUST1896,23,Female,New York,141761.0,,17.0,18-30
CUST1898,85,Female,New York,64558.0,,45.0,60+
CUST1899,61,Female,Huston,84013.0,,55.0,60+
CUST1900,66,Female,Los Angeles,65590.0,,7.0,60+
CUST1902,32,Female,New York,26536.0,2023-04-24,47.0,31-40
CUST1903,50,Female,Huston,44956.0,,83.0,41-50
CUST1905,31,Female,New York,28373.0,,69.0,31-40
CUST1906,30,Female,Huston,47025.0,,1.0,18-30
CUST1909,78,Male,Los Angeles,51883.0,2022-09-29,92.0,60+
CUST1910,30,Male,New York,91436.0,,5.0,18-30
CUST1911,50,Male,Houston,32423.0,,26.0,41-50
CUST1913,16,Other,New York,31203.0,,34.0,
CUST1915,37,Female,New York,112769.0,,91.0,31-40
CUST1916,63,Female,Los Angeles,117636.0,2023-09-20,4.0,60+
CUST1917,79,Female,Huston,94395.0,,30.0,60+
CUST1919,61,Male,Los Angeles,80598.0,,35.0,60+
CUST1920,88,Female,Los Angeles,70431.0,,48.0,60+
CUST1922,86,Other,Los Angeles,60157.0,2022-10-26,48.0,60+
CUST1923,84,Male,Los Angeles,98625.0,2022-12-02,14.0,60+
CUST1925,34,Other,Houston,103776.0,,24.0,31-40
CUST1927,75,Female,New York,84013.0,2022-12-27,86.0,60+
CUST1928,37,Female,Los Angeles,44575.0,2022-05-31,81.0,31-40
CUST1930,83,Female,Houston,85530.0,2023-02-08,27.0,60+
CUST1931,24,Female,Houston,55458.0,2022-11-03,76.0,18-30
CUST1932,59,Other,Los Angeles,134594.0,2023-02-26,61.0,51-60
CUST1933,76,Male,Houston,114580.0,,68.0,60+
CUST1934,82,Other,New York,124195.0,,40.0,60+
CUST1935,41,Other,Los Angeles,130656.0,,49.0,41-50
CUST1937,23,Male,Houston,64310.0,,75.0,18-30
CUST1939,57,Male,Los Angeles,97398.0,,98.0,51-60
CUST1941,39,Female,Los Angeles,53862.0,2023-02-19,69.0,31-40
CUST1942,70,Female,Los Angeles,22472.0,,82.0,60+
CUST1944,59,Other,Huston,51527.0,2022-08-21,100.0,51-60
CUST1945,40,Male,Houston,84013.0,2022-12-06,21.0,31-40
CUST1946,77,Male,Huston,83208.0,2023-12-07,39.0,60+
CUST1950,63,Male,New York,84013.0,2022-05-31,12.0,60+
CUST1951,41,Female,Los Angeles,84013.0,,54.0,41-50
CUST1952,83,Female,Los Angeles,40854.0,,11.0,60+
CUST1954,17,Female,Houston,92527.0,,90.0,
CUST1957,72,Female,New York,141262.0,,16.0,60+
CUST1958,47,Female,Houston,114194.0,,22.0,41-50
CUST1959,83,Female,New York,45379.0,,34.0,60+
CUST1960,53,Female,Houston,136692.0,,14.0,51-60
CUST1961,74,Male,Los Angeles,47966.0,,43.0,60+
CUST1962,75,Female,Los Angeles,37584.0,2022-06-03,3.0,60+
CUST1963,66,Female,Huston,136549.0,,95.0,60+
CUST1964,55,Female,New York,70538.0,2023-04-19,48.0,51-60
CUST1965,50,Male,Houston,60571.0,2022-05-26,28.0,41-50
CUST1966,50,Female,Los Angeles,65978.0,,100.0,41-50
CUST1967,67,Other,New York,40193.0,,68.0,60+
CUST1969,68,Female,Huston,32441.0,,28.0,60+
CUST1970,56,Male,Los Angeles,48548.0,2022-04-13,95.0,51-60
CUST1972,72,Female,Huston,147974.0,,81.0,60+
CUST1973,76,Male,Houston,129170.0,,93.0,60+
CUST1974,58,Female,Huston,89755.0,2022-11-03,24.0,51-60
CUST1976,17,Other,Los Angeles,75299.0,2022-08-10,38.0,
CUST1978,52,Female,Los Angeles,85247.0,,16.0,51-60
CUST1979,35,Other,Huston,145539.0,2022-10-28,61.0,31-40
CUST1980,25,Male,Huston,146871.0,2023-04-14,39.0,18-30
CUST1981,18,Female,New York,60129.0,,18.0,
CUST1982,65,Other,Huston,36100.0,,89.0,60+
CUST1983,67,Male,Los Angeles,21455.0,,81.0,60+
CUST1985,51,Male,Los Angeles,84013.0,2023-04-23,18.0,51-60
CUST1986,58,Male,Houston,99914.0,2022-05-01,6.0,51-60
CUST1990,77,Female,Los Angeles,120084.0,,29.0,60+
CUST1991,80,Female,Los Angeles,117259.0,,26.0,60+
CUST1992,83,Other,Los Angeles,84013.0,,35.0,60+
CUST1993,60,Male,Houston,39618.0,,53.0,51-60
CUST1995,77,Male,New York,120931.0,2023-05-29,19.0,60+
CUST1996,44,Female,Los Angeles,59823.0,2023-02-25,73.0,41-50
CUST1998,34,Female,Houston,79253.0,2023-11-03,85.0,31-40
CUST2000,87,Male,New York,32212.0,2022-11-12,46.0,60+
CUST2002,17,Male,New York,84013.0,,34.0,
CUST2005,32,Female,Los Angeles,105109.0,2023-03-26,49.0,31-40
CUST2008,31,Male,Los Angeles,107142.0,,4.0,31-40
CUST2009,76,Other,Huston,137418.0,2022-05-31,91.0,60+
CUST2010,80,Female,Los Angeles,138728.0,,11.0,60+
CUST2011,74,Other,New York,137805.0,2022-08-17,87.0,60+
CUST2012,89,Female,New York,92690.0,2022-08-12,64.0,60+
CUST2013,25,Female,New York,108829.0,2023-06-11,35.0,18-30
CUST2014,65,Female,New York,24920.0,,77.0,60+
CUST2015,82,Male,New York,127973.0,,97.0,60+
CUST2016,52,Male,New York,100910.0,,48.0,51-60
CUST2017,41,Female,New York,28290.0,,7.0,41-50
CUST2018,81,Other,Los Angeles,91010.0,,79.0,60+
CUST2019,74,Female,Los Angeles,104990.0,,63.0,60+
CUST2021,52,Male,New York,68604.0,,75.0,51-60
CUST2022,21,Male,Houston,147675.0,,92.0,18-30
CUST2026,73,Other,New York,84453.0,2022-08-05,51.0,60+
CUST2027,71,Female,Los Angeles,84013.0,,27.0,60+
CUST2028,53,Female,Huston,79203.0,2022-10-18,95.0,51-60
CUST2029,58,Other,Los Angeles,64188.0,,66.0,51-60
CUST2031,17,Male,Huston,131803.0,,21.0,
CUST2034,44,Male,Huston,42143.0,,46.0,41-50
CUST2035,55,Female,Los Angeles,51176.0,,27.0,51-60
CUST2037,25,Female,Los Angeles,81532.0,,71.0,18-30
CUST2039,38,Female,Houston,85352.0,,23.0,31-40
CUST2040,45,Male,Los Angeles,55604.0,,49.0,41-50
CUST2041,78,Female,New York,111199.0,,60.0,60+
CUST2042,28,Other,New York,85333.0,2023-02-10,63.0,18-30
CUST2044,83,Female,Houston,109206.0,2022-03-28,63.0,60+
CUST2045,26,Male,New York,72229.0,,88.0,18-30
CUST2047,76,Female,Los Angeles,116558.0,,44.0,60+
CUST2048,71,Female,Huston,97829.0,,93.0,60+
CUST2052,66,Male,Huston,118565.0,2023-11-12,66.0,60+
CUST2053,24,Male,New York,119026.0,,17.0,18-30
CUST2054,88,Female,Huston,42275.0,,44.0,60+
CUST2056,42,Other,New York,43891.0,2022-05-29,61.0,41-50
CUST2057,41,Other,Houston,40297.0,2023-06-13,23.0,41-50
CUST2058,19,Male,New York,51357.0,2023-03-20,80.0,18-30
CUST2061,82,Male,New York,99031.0,2022-04-12,33.0,60+
CUST2063,68,Female,Los Angeles,58172.0,2022-12-31,86.0,60+
CUST2064,52,Female,Los Angeles,125545.0,,90.0,51-60
CUST2065,18,Female,Los Angeles,72141.0,,92.0,
CUST2066,73,Female,Huston,60725.0,,27.0,60+
CUST2067,69,Female,Los Angeles,26080.0,,91.0,60+
CUST2068,59,Female,New York,82307.0,,93.0,51-60
CUST2069,57,Female,Houston,52325.0,2023-05-03,48.0,51-60
CUST2071,34,Female,New York,46207.0,2022-10-24,13.0,31-40
CUST2073,88,Other,Los Angeles,125356.0,2022-01-09,66.0,60+
CUST2074,86,Female,Los Angeles,122990.0,,42.0,60+
CUST2075,64,Other,New York,25417.0,2022-12-21,63.0,60+
CUST2076,46,Female,Los Angeles,44291.0,,47.0,41-50
CUST2079,44,Female,Houston,27008.0,,37.0,41-50
CUST2080,66,Other,Huston,74031.0,,81.0,60+
CUST2081,77,Female,New York,123394.0,,61.0,60+
CUST2083,34,Female,New York,84013.0,,24.0,31-40
CUST2085,85,Female,New York,20961.0,,33.0,60+
CUST2086,72,Male,Los Angeles,132843.0,,56.0,60+
CUST2087,86,Male,Los Angeles,55916.0,2022-02-21,41.0,60+
CUST2088,47,Male,New York,88673.0,2022-07-19,22.0,41-50
CUST2089,40,Other,Los Angeles,25360.0,2023-06-24,14.0,31-40
CUST2090,62,Female,Huston,59772.0,,46.0,60+
CUST2091,39,Male,New York,120072.0,2022-11-29,17.0,31-40
CUST2092,55,Female,Los Angeles,29915.0,2023-07-23,24.0,51-60
CUST2095,84,Female,Huston,102446.0,2022-02-01,14.0,60+
CUST2096,86,Female,Los Angeles,66165.0,,3.0,60+
CUST2099,28,Male,Houston,25619.0,,22.0,18-30
CUST2102,47,Male,New York,96659.0,,34.0,41-50
CUST2103,84,Female,Los Angeles,38116.0,2023-09-23,15.0,60+
CUST2104,59,Male,New York,91780.0,,27.0,51-60
CUST2105,22,Female,New York,74000.0,,27.0,18-30
CUST2106,21,Female,New York,56312.0,,27.0,18-30
CUST2107,34,Female,Houston,84013.0,,26.0,31-40
CUST2109,25,Other,Huston,71018.0,2022-04-28,87.0,18-30
CUST2110,46,Male,Los Angeles,48435.0,,12.0,41-50
CUST2112,69,Female,Los Angeles,45899.0,,38.0,60+
CUST2113,21,Female,Houston,69887.0,2022-10-27,57.0,18-30
CUST2114,37,Other,New York,149837.0,2022-11-19,10.0,31-40
CUST2115,42,Other,Houston,136587.0,2022-10-17,3.0,41-50
CUST2116,87,Male,Los Angeles,38265.0,,64.0,60+
CUST2117,51,Female,New York,84013.0,,28.0,51-60
CUST2118,76,Male,Los Angeles,74984.0,2023-12-11,22.0,60+
CUST2121,29,Other,Los Angeles,103493.0,,42.0,18-30
CUST2122,22,Other,Los Angeles,116186.0,,9.0,18-30
CUST2123,77,Male,New York,21437.0,,32.0,60+
CUST2124,21,Male,New York,147631.0,,73.0,18-30
CUST2125,86,Female,New York,78615.0,2023-11-25,18.0,60+
CUST2127,57,Male,New York,28632.0,,38.0,51-60
CUST2128,27,Female,Los Angeles,32531.0,,75.0,18-30
CUST2130,25,Female,Los Angeles,77765.0,,47.0,18-30
CUST2131,21,Female,Los Angeles,32014.0,2022-03-09,66.0,18-30
CUST2133,84,Female,New York,84013.0,,40.0,60+
CUST2134,33,Other,Huston,49796.0,2023-01-13,67.0,31-40
CUST2135,36,Female,New York,141733.0,,38.0,31-40
CUST2136,69,Female,New York,129999.0,,99.0,60+
CUST2137,38,Other,Los Angeles,106382.0,,1.0,31-40
CUST2138,57,Other,Los Angeles,37885.0,2022-05-07,15.0,51-60
CUST2139,79,Female,Los Angeles,55899.0,,17.0,60+
CUST2140,61,Male,Houston,73190.0,,80.0,60+
CUST2141,52,Female,New York,84013.0,,9.0,51-60
CUST2143,75,Female,New York,88395.0,,50.0,60+
CUST2145,66,Female,Huston,130743.0,2023-09-03,90.0,60+
CUST2146,27,Male,New York,37897.0,2023-07-07,77.0,18-30
CUST2152,83,Other,Los Angeles,69515.0,2022-05-07,17.0,60+
CUST2153,68,Female,Houston,92076.0,,24.0,60+
CUST2154,85,Other,Los Angeles,33119.0,2023-10-28,60.0,60+
CUST2155,29,Other,Los Angeles,99475.0,,60.0,18-30
CUST2156,62,Male,Houston,27112.0,,70.0,60+
CUST2158,17,Other,New York,106304.0,,43.0,
CUST2160,47,Male,Los Angeles,111503.0,,93.0,41-50
CUST2161,43,Male,New York,120433.0,,79.0,41-50
CUST2162,44,Female,Los Angeles,30310.0,2022-11-21,41.0,41-50
CUST2163,61,Female,Houston,145409.0,,17.0,60+
CUST2165,34,Female,New York,76427.0,2023-06-03,33.0,31-40
CUST2166,82,Male,Los Angeles,25074.0,,95.0,60+
CUST2167,48,Male,Los Angeles,43677.0,,13.0,41-50
CUST2168,29,Male,Los Angeles,52390.0,2022-06-04,50.0,18-30
CUST2169,21,Female,New York,37758.0,,36.0,18-30
CUST2170,21,Female,Huston,42491.0,2022-06-20,87.0,18-30
CUST2172,20,Female,Houston,71219.0,2023-06-03,95.0,18-30
CUST2173,64,Other,Houston,84013.0,2023-06-06,28.0,60+
CUST2175,19,Female,New York,112997.0,2023-07-24,65.0,18-30
CUST2176,67,Female,New York,20778.0,2023-01-23,32.0,60+
CUST2178,78,Female,Huston,21743.0,,15.0,60+
CUST2179,21,Other,Houston,39294.0,,95.0,18-30
CUST2180,83,Male,Los Angeles,113706.0,,50.0,60+
CUST2181,45,Female,Houston,95704.0,2022-05-18,97.0,41-50
CUST2182,48,Female,New York,71165.0,2023-03-22,26.0,41-50
CUST2184,52,Male,Los Angeles,42583.0,,65.0,51-60
CUST2185,65,Male,New York,84013.0,,4.0,60+
CUST2186,43,Female,Los Angeles,84013.0,,87.0,41-50
CUST2188,34,Male,Houston,148362.0,2023-03-31,47.0,31-40
CUST2190,41,Other,Los Angeles,84013.0,,5.0,41-50
CUST2192,54,Female,New York,84013.0,2022-11-28,84.0,51-60
CUST2195,80,Male,New York,133533.0,,32.0,60+
CUST2198,66,Other,Huston,84013.0,,67.0,60+
CUST2199,36,Male,New York,91860.0,,43.0,31-40
CUST2200,37,Female,New York,43816.0,2023-04-11,48.0,31-40
CUST2201,74,Female,Los Angeles,134269.0,2022-09-03,69.0,60+
CUST2202,81,Female,Los Angeles,139100.0,,2.0,60+
CUST2203,45,Male,Huston,54525.0,,34.0,41-50
CUST2206,80,Other,New York,71628.0,,16.0,60+
CUST2207,23,Female,Los Angeles,102155.0,2023-01-17,65.0,18-30
CUST2209,35,Female,Houston,124200.0,2022-05-28,37.0,31-40
CUST2210,89,Female,Los Angeles,58047.0,,93.0,60+
CUST2213,61,Other,Huston,136582.0,,72.0,60+
CUST2214,19,Male,New York,54826.0,2023-07-16,99.0,18-30
CUST2215,61,Other,Los Angeles,116210.0,2022-03-10,68.0,60+
CUST2216,47,Other,Houston,133881.0,,59.0,41-50
CUST2217,78,Female,Los Angeles,135909.0,2023-11-10,41.0,60+
CUST2218,76,Male,New York,80395.0,,24.0,60+
CUST2219,58,Other,Huston,131416.0,,25.0,51-60
CUST2220,19,Female,New York,71432.0,,63.0,18-30
CUST2221,60,Other,Los Angeles,126298.0,,39.0,51-60
CUST2222,65,Female,Los Angeles,84013.0,,56.0,60+
CUST2224,34,Male,New York,128548.0,,83.0,31-40
CUST2225,57,Male,Houston,84013.0,,98.0,51-60
CUST2226,53,Female,Huston,97909.0,,55.0,51-60
CUST2227,25,Male,Los Angeles,90754.0,,25.0,18-30
CUST2228,43,Other,New York,130599.0,2023-09-07,45.0,41-50
CUST2229,67,Female,Huston,130648.0,2022-12-28,86.0,60+
CUST2231,22,Male,New York,24046.0,2023-12-31,88.0,18-30
CUST2232,64,Female,Los Angeles,80950.0,,80.0,60+
CUST2233,65,Female,New York,39391.0,2022-06-23,48.0,60+
CUST2234,73,Female,Houston,73292.0,,7.0,60+
CUST2235,37,Female,New York,56791.0,,22.0,31-40
CUST2236,16,Female,Los Angeles,117728.0,,37.0,
CUST2237,71,Male,Los Angeles,110740.0,,83.0,60+
CUST2238,43,Female,Los Angeles,106358.0,,48.0,41-50
CUST2239,70,Male,Los Angeles,140667.0,,12.0,60+
CUST2242,78,Other,Los Angeles,125531.0,,48.0,60+
CUST2244,89,Female,New York,127291.0,2022-06-10,89.0,60+
CUST2247,32,Male,Houston,84013.0,,87.0,31-40
CUST2249,44,Other,Houston,22723.0,,71.0,41-50
CUST2251,53,Male,New York,116742.0,2022-11-02,51.0,51-60
CUST2254,59,Male,New York,30603.0,,91.0,51-60
CUST2255,75,Female,Los Angeles,105550.0,,46.0,60+
CUST2256,58,Male,New York,56619.0,,92.0,51-60
CUST2257,65,Male,Huston,61355.0,2022-10-29,88.0,60+
CUST2258,85,Male,Los Angeles,105639.0,2022-11-09,4.0,60+
CUST2259,54,Other,Houston,82992.0,,92.0,51-60
CUST2260,48,Female,New York,78182.0,,70.0,41-50
CUST2261,32,Female,Los Angeles,64684.0,,8.0,31-40
CUST2262,37,Other,Huston,115258.0,,6.0,31-40
CUST2264,53,Other,Huston,85264.0,2023-04-05,26.0,51-60
CUST2265,44,Male,Houston,46108.0,,1.0,41-50
CUST2267,17,Female,Los Angeles,84013.0,2022-03-19,34.0,
CUST2272,57,Male,New York,61359.0,,48.0,51-60
CUST2273,53,Female,Los Angeles,118223.0,2022-06-06,5.0,51-60
CUST2275,35,Male,Los Angeles,64600.0,2023-02-27,46.0,31-40
CUST2276,54,Male,Los Angeles,26372.0,,81.0,51-60
CUST2277,85,Female,Los Angeles,58070.0,,34.0,60+
CUST2278,39,Female,Los Angeles,69616.0,,100.0,31-40
CUST2279,88,Male,New York,67270.0,,97.0,60+
CUST2280,42,Other,Huston,125356.0,2022-11-18,88.0,41-50
CUST2281,36,Male,New York,129502.0,,62.0,31-40
CUST2282,75,Female,Houston,86936.0,,72.0,60+
CUST2283,32,Other,Los Angeles,84013.0,2022-07-19,24.0,31-40
CUST2284,64,Other,New York,37048.0,,44.0,60+
CUST2285,34,Female,New York,64788.0,,78.0,31-40
CUST2286,57,Female,New York,45995.0,,11.0,51-60
CUST2287,78,Female,New York,86439.0,2022-01-28,25.0,60+
CUST2288,88,Other,New York,27559.0,,96.0,60+
CUST2289,59,Male,Huston,105216.0,,13.0,51-60
CUST2291,81,Female,Los Angeles,26427.0,,15.0,60+
CUST2292,43,Female,New York,36378.0,,60.0,41-50
CUST2294,66,Other,Huston,80048.0,,39.0,60+
CUST2295,50,Male,Los Angeles,73500.0,,15.0,41-50
CUST2296,25,Female,Houston,145249.0,,72.0,18-30
CUST2297,31,Female,Houston,110918.0,,69.0,31-40
CUST2298,25,Other,Los Angeles,54015.0,2022-09-19,64.0,18-30
CUST2299,39,Female,Los Angeles,134929.0,,57.0,31-40
CUST2301,88,Other,New York,106125.0,2022-08-07,27.0,60+
CUST2303,65,Male,Los Angeles,149732.0,,87.0,60+
CUST2304,77,Male,Los Angeles,119008.0,2022-09-18,55.0,60+
CUST2305,73,Female,New York,89036.0,2022-09-30,9.0,60+
CUST2306,73,Female,Los Angeles,109353.0,2023-03-31,17.0,60+
CUST2307,59,Male,Los Angeles,129167.0,,36.0,51-60
CUST2309,22,Female,New York,84013.0,,10.0,18-30
CUST2310,17,Male,Los Angeles,41473.0,,74.0,
CUST2311,79,Male,New York,77945.0,2023-06-29,24.0,60+
CUST2312,33,Female,New York,129576.0,2022-01-22,44.0,31-40
CUST2313,49,Male,Los Angeles,124008.0,,43.0,41-50
CUST2314,63,Female,Los Angeles,57994.0,,46.0,60+
CUST2317,65,Female,New York,76314.0,,12.0,60+
CUST2318,57,Male,New York,46815.0,,45.0,51-60
CUST2321,47,Male,Los Angeles,121050.0,,70.0,41-50
CUST2323,25,Female,Los Angeles,84013.0,2023-08-16,69.0,18-30
CUST2325,70,Female,New York,143521.0,,15.0,60+
CUST2326,38,Other,New York,43632.0,2023-10-24,9.0,31-40
CUST2328,49,Female,Los Angeles,140651.0,,68.0,41-50
CUST2330,54,Female,New York,104141.0,,90.0,51-60
CUST2331,57,Female,Los Angeles,139994.0,2023-04-25,59.0,51-60
CUST2332,57,Female,New York,81278.0,2022-11-20,69.0,51-60
CUST2333,61,Female,Los Angeles,107578.0,,10.0,60+
CUST2335,46,Male,Huston,84013.0,2023-11-03,78.0,41-50
CUST2336,77,Male,New York,132470.0,2022-03-04,22.0,60+
CUST2337,42,Male,New York,68017.0,,55.0,41-50
CUST2338,52,Female,Huston,147087.0,,94.0,51-60
CUST2340,33,Male,Los Angeles,77170.0,,17.0,31-40
CUST2341,82,Other,Houston,120627.0,,79.0,60+
CUST2344,67,Male,New York,32367.0,2022-02-17,94.0,60+
CUST2345,81,Female,New York,33810.0,2022-07-14,4.0,60+
CUST2346,88,Other,New York,64877.0,,7.0,60+
CUST2347,25,Male,New York,56441.0,2023-08-06,81.0,18-30
CUST2348,22,Female,New York,23183.0,,38.0,18-30
CUST2351,39,Female,Huston,45596.0,,38.0,31-40
CUST2352,53,Female,Huston,122029.0,,76.0,51-60
CUST2354,39,Female,Los Angeles,112861.0,,15.0,31-40
CUST2355,65,Female,New York,97243.0,,40.0,60+
CUST2357,69,Other,Houston,61974.0,,3.0,60+
CUST2358,67,Other,Los Angeles,118906.0,,73.0,60+
CUST2360,31,Male,Los Angeles,141972.0,,31.0,31-40
CUST2361,48,Female,New York,108936.0,,91.0,41-50
CUST2362,81,Female,Houston,22340.0,,51.0,60+
CUST2363,51,Female,New York,130549.0,,13.0,51-60
CUST2364,47,Female,Los Angeles,107830.0,,23.0,41-50
CUST2365,40,Male,Los Angeles,33413.0,2023-10-23,44.0,31-40
CUST2367,55,Male,Los Angeles,26445.0,2022-06-06,62.0,51-60
CUST2368,19,Female,Los Angeles,53518.0,2023-11-22,59.0,18-30
CUST2369,42,Other,Houston,94273.0,2022-12-24,10.0,41-50
CUST2370,86,Female,New York,59256.0,2023-01-13,45.0,60+
CUST2371,76,Female,Houston,72826.0,,39.0,60+
CUST2372,79,Female,New York,55481.0,,94.0,60+
CUST2375,81,Male,Los Angeles,74979.0,2023-11-06,59.0,60+
CUST2376,27,Other,Los Angeles,33019.0,2023-08-08,33.0,18-30
CUST2377,17,Female,Los Angeles,21044.0,2022-05-26,23.0,
CUST2378,33,Male,New York,33738.0,,48.0,31-40
CUST2379,61,Male,Huston,128231.0,,4.0,60+
CUST2381,52,Female,Los Angeles,49924.0,,3.0,51-60
CUST2382,67,Male,New York,21007.0,2022-07-23,8.0,60+
CUST2383,70,Female,New York,82386.0,,49.0,60+
CUST2385,60,Male,New York,43803.0,,97.0,51-60
CUST2386,62,Female,Huston,81835.0,2023-04-18,57.0,60+
CUST2387,67,Male,New York,85244.0,,34.0,60+
CUST2388,78,Female,Los Angeles,80242.0,,51.0,60+
CUST2390,86,Female,New York,104866.0,,64.0,60+
CUST2391,65,Other,Houston,70505.0,,98.0,60+
CUST2395,27,Other,Huston,84013.0,2023-08-11,73.0,18-30
CUST2396,33,Female,Huston,106608.0,2022-05-02,86.0,31-40
CUST2397,41,Female,Houston,82773.0,,75.0,41-50
CUST2399,53,Other,Los Angeles,130528.0,,58.0,51-60
CUST2400,68,Male,Huston,72687.0,,66.0,60+
CUST2401,23,Male,Los Angeles,84013.0,,62.0,18-30
CUST2402,19,Male,Houston,98041.0,,71.0,18-30
CUST2403,28,Male,New York,72119.0,2023-03-19,66.0,18-30
CUST2404,85,Other,New York,48984.0,,24.0,60+
CUST2407,71,Female,Houston,57236.0,,90.0,60+
CUST2408,35,Male,New York,125936.0,2023-10-21,18.0,31-40
CUST2410,78,Male,Huston,84013.0,,100.0,60+
CUST2411,36,Male,Los Angeles,128684.0,,45.0,31-40
CUST2412,62,Female,Los Angeles,95559.0,,49.0,60+
CUST2413,43,Male,Houston,84013.0,,4.0,41-50
CUST2414,86,Male,Huston,84013.0,,81.0,60+
CUST2415,49,Female,Houston,84013.0,,20.0,41-50
CUST2416,74,Other,Los Angeles,122620.0,,49.0,60+
CUST2417,77,Male,Los Angeles,47999.0,2022-12-20,91.0,60+
CUST2418,24,Male,New York,119873.0,2022-01-15,70.0,18-30
CUST2419,87,Male,Los Angeles,43496.0,,61.0,60+
CUST2420,77,Other,Huston,147444.0,,69.0,60+
CUST2421,35,Male,Los Angeles,47529.0,,13.0,31-40
CUST2422,48,Male,Los Angeles,106244.0,,7.0,41-50
CUST2423,83,Female,Huston,96605.0,,5.0,60+
CUST2427,66,Male,New York,84013.0,2023-06-17,95.0,60+
CUST2430,71,Other,Huston,140426.0,,55.0,60+
CUST2432,28,Male,Los Angeles,114996.0,,4.0,18-30
CUST2433,50,Female,Los Angeles,132344.0,2022-06-20,88.0,41-50
CUST2434,32,Female,Los Angeles,84013.0,2022-10-24,90.0,31-40
CUST2435,79,Male,Los Angeles,144925.0,,12.0,60+
CUST2436,51,Female,New York,84013.0,2023-07-15,18.0,51-60
CUST2438,60,Other,New York,41366.0,2022-04-15,61.0,51-60
CUST2440,60,Other,New York,59051.0,,87.0,51-60
CUST2441,42,Female,Los Angeles,55354.0,,96.0,41-50
CUST2445,50,Female,New York,37957.0,,17.0,41-50
CUST2446,39,Other,Houston,82715.0,,35.0,31-40
CUST2447,70,Female,Los Angeles,122784.0,2023-03-19,49.0,60+
CUST2449,62,Male,Huston,89002.0,,40.0,60+
CUST2450,52,Female,Houston,36665.0,2023-02-19,87.0,51-60
CUST2452,76,Male,Los Angeles,104744.0,,78.0,60+
CUST2454,51,Other,Los Angeles,74854.0,2023-11-27,7.0,51-60
CUST2455,37,Female,New York,105486.0,,84.0,31-40
CUST2456,81,Male,Los Angeles,128632.0,,97.0,60+
CUST2457,38,Male,Houston,21508.0,,20.0,31-40
CUST2458,53,Female,New York,84013.0,2022-10-06,99.0,51-60
CUST2459,48,Female,New York,112070.0,,71.0,41-50
CUST2461,54,Female,Los Angeles,56902.0,2022-01-03,46.0,51-60
CUST2462,67,Other,New York,43184.0,2023-05-12,19.0,60+
CUST2463,82,Other,Huston,123976.0,2023-01-04,72.0,60+
CUST2469,83,Male,Los Angeles,129144.0,2022-03-08,42.0,60+
CUST2471,84,Other,Huston,79212.0,,28.0,60+
CUST2473,22,Male,New York,134429.0,,4.0,18-30
CUST2474,25,Other,Huston,104909.0,,3.0,18-30
CUST2475,36,Female,Los Angeles,53555.0,,64.0,31-40
CUST2476,76,Male,Houston,130069.0,,90.0,60+
CUST2477,66,Other,Huston,129485.0,,48.0,60+
CUST2478,82,Female,Huston,131993.0,2022-06-30,82.0,60+
CUST2479,84,Male,Los Angeles,84013.0,,87.0,60+
CUST2480,67,Female,New York,84013.0,,32.0,60+
CUST2482,26,Male,Los Angeles,67973.0,2022-11-10,47.0,18-30
CUST2483,38,Female,New York,64682.0,,35.0,31-40
CUST2484,64,Male,New York,34061.0,,31.0,60+
CUST2486,76,Other,New York,39959.0,2023-01-02,69.0,60+
CUST2489,42,Male,Los Angeles,63861.0,,76.0,41-50
CUST2490,83,Male,Huston,43698.0,,77.0,60+
CUST2491,63,Female,New York,83765.0,,26.0,60+
CUST2493,64,Female,New York,72430.0,,36.0,60+
CUST2494,30,Male,Huston,135289.0,,52.0,18-30
CUST2495,78,Female,New York,42001.0,2023-01-25,54.0,60+
CUST2496,33,Female,Houston,63038.0,,77.0,31-40
CUST2497,45,Other,Huston,75659.0,2022-09-23,75.0,41-50
